{
  "Total" : {
    "transaction" : "Total",
    "sampleCount" : 40000,
    "errorCount" : 0,
    "errorPct" : 0.0,
    "meanResTime" : 113.37800000000065,
    "medianResTime" : 188.0,
    "minResTime" : 2.0,
    "maxResTime" : 4688.0,
    "pct1ResTime" : 272.0,
    "pct2ResTime" : 277.0,
    "pct3ResTime" : 313.0,
    "throughput" : 3339.455668725998,
    "receivedKBytesPerSec" : 11236.420416597095,
    "sentKBytesPerSec" : 569.8924590916681
  },
  "消息记录列表请求" : {
    "transaction" : "消息记录列表请求",
    "sampleCount" : 10000,
    "errorCount" : 0,
    "errorPct" : 0.0,
    "meanResTime" : 195.44400000000056,
    "medianResTime" : 210.0,
    "minResTime" : 3.0,
    "maxResTime" : 4684.0,
    "pct1ResTime" : 273.0,
    "pct2ResTime" : 281.0,
    "pct3ResTime" : 434.96999999999935,
    "throughput" : 867.7542519958348,
    "receivedKBytesPerSec" : 87.2838749566123,
    "sentKBytesPerSec" : 216.09114673724403
  },
  "首页页面请求" : {
    "transaction" : "首页页面请求",
    "sampleCount" : 10000,
    "errorCount" : 0,
    "errorPct" : 0.0,
    "meanResTime" : 32.86189999999989,
    "medianResTime" : 12.0,
    "minResTime" : 3.0,
    "maxResTime" : 4475.0,
    "pct1ResTime" : 63.0,
    "pct2ResTime" : 88.0,
    "pct3ResTime" : 245.0,
    "throughput" : 991.571641051066,
    "receivedKBytesPerSec" : 10429.900532969756,
    "sentKBytesPerSec" : 115.23147000495784
  },
  "聊天页面请求" : {
    "transaction" : "聊天页面请求",
    "sampleCount" : 10000,
    "errorCount" : 0,
    "errorPct" : 0.0,
    "meanResTime" : 30.581099999999854,
    "medianResTime" : 11.0,
    "minResTime" : 2.0,
    "maxResTime" : 1570.0,
    "pct1ResTime" : 60.0,
    "pct2ResTime" : 83.0,
    "pct3ResTime" : 241.0,
    "throughput" : 995.6192751891678,
    "receivedKBytesPerSec" : 1644.1330022899242,
    "sentKBytesPerSec" : 119.59098715651135
  },
  "历史记录列表请求" : {
    "transaction" : "历史记录列表请求",
    "sampleCount" : 10000,
    "errorCount" : 0,
    "errorPct" : 0.0,
    "meanResTime" : 194.6250000000008,
    "medianResTime" : 209.0,
    "minResTime" : 2.0,
    "maxResTime" : 4688.0,
    "pct1ResTime" : 273.0,
    "pct2ResTime" : 279.0,
    "pct3ResTime" : 457.0,
    "throughput" : 856.0910880917729,
    "receivedKBytesPerSec" : 1017.4441935621951,
    "sentKBytesPerSec" : 168.87734354935367
  }
}